iteration	timestamp	gaps_found	fail_count	concern_count	applied	saturation_status	loop_status	notes
0	2026-08-07	7	0	6	0	ACTIVE	baseline	outer-PVL first pass with orchestrator-driven external fan-out (validate-agent + 2 adversarial verifiers). Gate CONDITIONAL. Validate-agent F1: section 3 Correction 3 and C-08 claim the sweep reuses _cascade_suppress but that function needs PLAINTEXT email (suppression.py:43,53,60-70) while the queue is deliberately plaintext-free — impossible as written; Correction 3 and C-08 already contradict each other. F2: DELETE endpoint now deletes 7 tables not 6 (job_change_events added by concurrent work). F3: section 0 hard-stop requires identity-vocab-reconcile to reach literal Gate PASS but its real state is EXECUTED/Gate CONDITIONAL user-accepted. VERIFIER-1 went further than F1 and found an UNDISCLOSED COVERAGE HOLE: the "erased" row alone trips the C-15 guard (it is in the scope tuple), so AC-4 graph-write blocking is fine — but the broader promise of never-re-identified-across-tenants is NOT achievable, because pre-existing IdentifiedVisitor rows at OTHER tenants are only reachable via _cascade_suppress plaintext matching. Scenario: person erased at Site A, Site B independently holds them from its own earlier lookup, Site B keeps sending campaign email and keeps resolving them on return visits after the erasure was accepted and reported done. Also unmentioned in Correction 3: _cascade_suppress sets do_not_email too, not only do_not_resolve. No KG entry discloses any of this. VERIFIER-1 CONFIRMED blind-index chain sound (single email_hash at pii_crypto.py:66-70, HMAC over normalize_email, 16 call sites all routed through it, no divergence) and enqueue-before-delete ordering necessary (visitors.py:405-446, keys destroyed in-transaction). VERIFIER-2 drift audit: ALL line anchors stale post-rebase (endpoint 403-439 to 405-446; _upsert_beam_identity 995-1030 to 1264-1317, plan internally inconsistent citing 3 different ranges; beam_identity.py:52 to :50); current single alembic head moved AGAIN to c9f4a7b31e85 add_ws2_agent_operated_flag, 63 migration files, no fork; plan clean of retired vocab symbols (zero hits); no conflict with is_privacy_relay_ip or the IntegrityError handler. First-pass CONDITIONAL is NOT terminal — supplement cycle 1 required.
1	2026-08-07	6	0	0	6	ACTIVE	CONTINUE	supplement cycle 1: S1 _cascade_suppress reuse claim REMOVED (needs plaintext, sole caller add_suppression, no ORM listener; queue is plaintext-free by design) — both tombstone rows now written by one raw pg_insert using stored email_bidx as email_hash, Correction3/C-08 contradiction gone. S2a AC-4 re-attributed: C-15 tuple is ("erased","do_not_process") so the "erased" row ALONE trips the guard; do_not_process credited to the unmodified upstream _is_email_opted_out check; recorded that _cascade_suppress also sets do_not_email. S2b NEW KG-6 with the Site A/Site B scenario verbatim, AC-4 row downgraded Covered to PARTIAL, coverage-claim correction block added warning any unqualified cross-tenant-erasure prose must be read against KG-6; scoped as Phase2 follow-up, no design attempted. S3 line-anchor discipline table added (content anchor + dated snapshot + reproducing git grep) matching sibling plan cycle-5 convention; 3 mutually-inconsistent _upsert_beam_identity ranges named and superseded. S4 7-table list written with job_change_events + rationale, all four 6-table refs updated, rule reframed as "before ANY delete statement", visitor_emails non-deletion recorded as out-of-scope observation with backlog pointer, C-30 now seven stubs. S5 section 0 row corrected to EXECUTED/Gate CONDITIONAL accepted; literal Gate PASS bar declared unreachable and superseded by explicit user sign-off (not granted). S6 C-03 narrative replaced with dated snapshot (63 files, single head c9f4a7b31e85, no fork) + reproducing command + multi-line-merge-tuple parser warning; live-heads instruction untouched. Plan validator 0 fail 0 warn, 966 lines. Live re-derive: alembic head c9f4a7b31e85 UNCHANGED, devjulley 5293cbc UNCHANGED. BLOCKED ON USER: KG-6 scoping decision required before re-validate.
2	2026-08-07	3	0	3	0	ACTIVE	CONTINUE	re-validate cycle 2 (validate-agent + external verifier): Gate CONDITIONAL. All six cycle-1 supplement items S1-S6 independently confirmed LANDED AND CORRECT, no overstatement, no regression; S3 content anchors re-verified byte-exact against live tree; KG-6 correctly points forward to Phase 2; alembic head c9f4a7b31e85 unchanged; plan validator 0 fail 0 warn. NEW F5 (validate-agent): section deferred-with-reason claims Open Q1 authorization model RESOLVED, but the mechanism is only rate-limited + audit-logged, NOT structurally prevented — events.py:568-612 accepts a client-supplied _fp fingerprint with zero server-side corroboration, so one crafted ingest event plus one DELETE call from an attackers own site triggers the sweeps cross-tenant DELETE FROM beam_identity_graph (no source_site_id filter, by design) against a real victim identity; the rate limit is a flood throttle useless against a single precision request. NEW F6 (verifier, REFUTED claim 1): erasure_requests state machine crash-safety is asserted by analogy to referral_activation.py but that file has NO processing state at all — grep for processing/reclaim/lease across apps/api returns ZERO hits, no sweep in this repo has ever implemented a claim/reclaim lease; the plan never names a transaction/commit boundary (grep -i commit on the plan finds only 2 unrelated hits). Literal-copy reading: attempts increment rolls back on crash so a permanently-failing erasure is byte-identical to one never attempted and the reclaim step is dead code. Separate-commit reading: needs a post-rollback re-issue mechanic the plan never lists, else the row wedges in processing for the full 30-minute stale window. Either way zero operator signal, no age check on pending/processing, GDPR ~1-month deadline entirely unmonitored. NEW F7 (verifier, REFUTED claim 2): the per-site 429 gates the WHOLE request at section 4 step 2, BEFORE step 5s existing local DELETE loop — so a tenant doing a legitimate bulk cleanup past 60/min gets a hard 429 and their OWN local visitor rows are never deleted, a functional regression on a GDPR-critical endpoint that today has no limiter at all (visitors.py:405-431); and it contradicts the very precedent it cites, rate_limiter.py:67-88 plus events.py:310-320 both state a tripped signal NEVER rejects the request (flag-but-store). Per-minute only, no cumulative cap, no anomaly review. CONFIRMED SOUND: AC-10 admin gate (User.is_admin defaults false, never in any write path or create schema, only settable by manual DB edit; request_logs.py is a real matching precedent). Supplement cycle 3 required.
3	2026-08-07	4	0	0	4	ACTIVE	CONTINUE	supplement cycle 3: S7 (F6) new binding section 4a Transaction Boundary Contract — B1 claim commits ALONE with RETURNING captured to locals before any destructive statement; B2 tombstone-INSERT-then-DELETE in ONE work transaction with no intervening commit, deleted-but-not-tombstoned named as the harmful state; B3 post-rollback FRESH UPDATE using captured attempts. Both broken readings written into the plan so EXECUTE cannot pick either. New items C-08a C-09b C-09c C-20a, gates T-U6 T-U7 T-U8 T-U9 T-I9. Operator visibility added (was entirely absent): per-sweep erasure_queue_health structlog line with oldest_pending_age_hours and counts, no PII, plus graph_erasure_stale_alert_hours default 168 and one admin-gated queue-health read surface, explicitly no alerting stack. referral_activation.py claim rescoped to advisory-lock + conditional-UPDATE ONLY in section 2, Touchpoints and C-07, each stating that file has no processing state. S8 (F7) throttle re-sited to gate the ENQUEUE ONLY; new section 4b citing both source reasons verbatim (site_ceiling_tripped docstring, events.py never-rejects, endpoint has no limiter today); locked behavior on trip = queued-but-flagged via new throttle_flagged column on C-01, warning log, normal 200, response shape unchanged so C-13 stays safe; C-14 rewritten SCOPE-CRITICAL with T-I8 proving a limit-tripped request still deletes all 7 local tables; also fixed a contradiction this surfaced (C1 Public Contracts still listed 429 as a new failure mode). Cumulative-cap residual scoped as KG-8 rather than left silent. S9 (F5) Open Q1 corrected from "resolved" to "partially mitigated, NOT resolved" with the _fp mechanism cited; KG-7 added in KG-6 format with the two-request scenario and no fix attempted; C-30 stub count seven to nine; Phase Completion Rules KG range now KG-1..KG-8. S10 status line updated, historical validate-contract sections untouched. Plan validator 0 fail 0 warn, 1134 lines. Live re-derive both UNCHANGED: alembic head c9f4a7b31e85 single head, devjulley 5293cbc. TWO DESIGN CALLS MADE WITHIN SUPPLEMENT LATITUDE, flagged by plan-agent for re-validate confirmation: S8 queued-but-flagged choice, and S7 B2 shared-transaction-with-documented-ordering (a property EXECUTE could silently break by inserting a commit; a hard structural guarantee would be a design call above supplement scope).
4	2026-08-07	4	0	4	2	ACTIVE	CONTINUE	re-validate cycle 4 — TWO PASSES DISAGREED MATERIALLY, the disagreement is the finding. validate-agent: S7-S10 confirmed landed, no regression on S1-S6, content anchors byte-exact, alembic head c9f4a7b31e85 unchanged, validator 0 fail 0 warn; found T-U8 only one-directional, ADDED T-U8b and strengthened T-I9 in-plan, classified both as cheap test-coverage gaps needing no design change, and declared the plan had reached the bar it can reach without user/counsel action. EXTERNAL VERIFIER REFUTES THAT CONCLUSION on both design calls. Target1 DEFECTIVE: T-U6..T-U9 all run under pytest -m unit, and tests/conftest.py:4 states "Unit tests: no DB, no network — use mocks"; every precedent (test_identity_signals, test_company_graph, test_agent_marker) uses AsyncMock with commit call-count assertions, never persisted rows — so T-U8s database-state assertion is meaningless in that tier and T-U8b lands in the SAME tier, i.e. the validate-agents own fix cannot test the property it claims to fix. No Hybrid gate T-I1..T-I9 performs real mid-transaction failure injection with a second connection observing committed state; no such pattern exists anywhere in tests/integration/. Verifier also corrected its own framing honestly: with tombstone-INSERT-first locked, an inserted commit yields NOT deleted-without-tombstone but the inverse — tombstone durable, DELETE never completes, attempts survive, row ends status=failed — and C-09c health query is WHERE status IN (pending,processing), NEVER failed, so the caller already got an unconditional 200 claiming success while the graph row is retained and nothing pages anyone: a silent AC-1 violation invisible to PVL and EVL. Structural alternatives exist and are unused: db.begin_nested savepoint (used once at routers/sites.py:162) and ORM mapper events (pii_encryption_hooks.py:20-64) which fire in the same flush so a stray commit cannot be inserted. Target2 DEFECTIVE: throttle_flagged is written (C-01, section 4b, C-14) and displayed (C-20a throttle_flagged_count) but the sweep claim query C-08 is WHERE id=:id AND status=pending with NO throttle_flagged filter, so a flagged row executes its irreversible cross-tenant DELETE identically to an unflagged one; the cited precedent site_ceiling_tripped explicitly ties flag-but-store to real exclusion (is_flagged_abuse genuinely filters 9+ visitor_aggregator FILTER clauses and gates is_emailable_identity at 3 sites) — throttle_flagged copies the cosmetic shape and omits the property that gave the precedent security value. No gate asserts a flagged row is subsequently claimed and processed, so the security-relevant half of queued-but-flagged is unverified even on the plans own terms. Timing oracle NOT confirmed, correctly not flagged. Supplement cycle 5 required; the plan has NOT reached the acceptance bar.
5	2026-08-07	2	0	0	2	ACTIVE	CONTINUE	supplement cycle 5 (S11 S12) + parallel INNOVATE on section 4a Boundary 2. S11: ORCHESTRATOR PREMISE WAS PARTLY WRONG and plan-agent corrected it rather than applying blindly — failed_count was ALREADY in C-09c payload and C-20a response since cycle 3. Real defect is narrower but still severe: failed was counted but never AGED never ALERTED never GATE-ASSERTED; the warning trigger keyed solely on oldest_pending_age_hours whose WHERE status IN (pending,processing) structurally excludes failed, so a queue of nothing but permanently-failed erasures emitted at info forever while C-13s unconditional 200 had already told the caller it succeeded. Fixed: oldest_failed_age_hours added to section 4 step 7 + C-09c + C-20a; warning now also fires on failed_count > 0; new T-U9b asserts the EMITTED LOG RECORD not persisted state (unit lane is mock-only per conftest, a DB assertion there would be vacuous) with the DB-truth half in extended T-I9; four-step operator response defined (read sanitized last_error, fix cause, re-enqueue by resetting to pending/attempts=0 which is safe since erasure is idempotent per T-I4, else escalate as a COMPLIANCE EVENT not a backlog item). S12: chose (b) HONEST FORENSICS over (a) real exclusion. Rejected (a) for 3 reasons written into section 4b: on a solo-founder GDPR clock held-pending-operator-release approximates dropped which is the exact liability section 4b exists to prevent and would collide with the aging blind spot S11 just closed; it cannot close KG-7 whose attack is two requests far inside 60/min so a burst limiter cannot see one precision request; it would add a NEW irreversible-inaction failure mode to defend against an attack it demonstrably cannot detect. Behavior unchanged, description now accurate: section 4b retitled Enqueue Volume Marker Semantics, C-14 carries binding naming discipline (not a throttle, not an abuse control, records and prevents nothing), C-01 marks the column forensic-only and must never appear in a WHERE clause on any execution path, C-08 explicitly forbids growing a throttle_flagged filter, KG-8 widened. New T-I10 proves flagged and unflagged rows both reach done with both graph rows deleted plus a source assertion that graph_erasure.py contains no throttle_flagged reference. Section 4a left byte-identical with a PENDING INNOVATE marker; AC-3 coverage claim now provisional. Validator 0 fail 0 warn 1343 lines; alembic head c9f4a7b31e85 and devjulley 5293cbc both UNMOVED. INNOVATE VERDICT on Boundary 2: bind the currently non-binding "async with db.begin()" wrapper as a checklist requirement, and rewrite T-U8/T-U8b to assert CALL SEQUENCE (exactly one commit, strictly after both statements, never between) which a mock CAN legitimately prove, plus a NEW distinct KG for the still-missing live two-connection fault-injection gate so nobody mistakes the unit gates for having proven real Postgres atomicity. Rejected: savepoint begin_nested (wrong primitive — gives recoverability not atomicity enforcement, and a stray commit inside collapses the outer transaction); ORM mapper events (structurally inapplicable — both statements are raw SQL by design per the _upsert_beam_identity precedent, mapper events never fire); DB trigger (the DELETE WHERE is an OR across email_bidx/fingerprint/fingerprint_v3 so some deleted rows have no email_bidx to join on, and it fights the repos explicit-PII-handling precedent); full self-healing reconciliation pass (real idea, deferred as new scope). Residual flagged not probed: SQLAlchemy 2.0.35 AsyncSession.begin() immediately after a commit with no intervening statements — high confidence, cheap scratch confirmation recommended at EXECUTE. Supplement cycle 6 needed to apply the INNOVATE outcome, then re-validate.
6	2026-08-07	5	0	0	5	ACTIVE	CONTINUE	supplement cycle 6 — applied the completed INNOVATE decision on section 4a Boundary 2. S13 "async with db.begin()" reclassified from optional defense-in-depth to a BINDING checklist requirement (section 4a precision note, C-08, C-08a). S14 T-U8/T-U8b rewritten as call-count + call-sequence assertions on the mocked session (exactly one work commit, strictly after both statements, never between; failure path asserts zero work commits plus rollback-then-fresh-UPDATE) — a mock CAN prove "the code never issues an early commit", it simply was never being asked to; added an explicit note beside the table that these are CODE-SHAPE gates NOT proof of real Postgres atomicity, spelling out the chain (code never commits early + Postgres ACID = sufficient), because that exact conflation produced the original gap. S15 new KG-9 for the live two-connection fault-injection gate (kill/fail between the two statements against real Postgres, second connection asserts both rows durable or neither), Docker-gated, EXPLICITLY distinct from T-U8/T-U8b so nobody later reads the unit gates as having proven it; backlog stub written at backlog/graph-erasure-boundary2-live-fault-injection_NOTE_07-08-26.md; C-30 nine to ten stubs; completion rules now KG-1..KG-9. S16 sqlalchemy[asyncio]==2.0.35 verified at requirements.txt:7; AsyncSession.begin()-after-commit recorded as a ~5-line EXECUTE-time scratch confirmation with a plain "await db.begin()" fallback, NOT a blocking probe. S17 PENDING INNOVATE marker cleared, AC-3 un-provisioned, deferred self-healing reconciliation noted only (periodic done-vs-suppression_list comparison, viable because erasure_requests retains the match keys even after status=done) with no design and no checklist entry. Rejected alternatives (savepoint begin_nested, ORM mapper events, DB trigger) written into section 4a so they cannot be reintroduced; superseded cycle-4 wording struck with an explicit SUPERSEDED marker rather than silently deleted; cycle-5 open item (2) marked RESOLVED. Validator 0 fail 0 warn 1435 lines. Live re-derive: alembic head c9f4a7b31e85 single head and devjulley 5293cbc, NEITHER MOVED. Two items carry into re-validate: cycle-5 S12 option-(b) design call still unconfirmed by validate, and this cycles S14 claim (call-sequence assertions on a mock legitimately prove the code-shape half) is itself a claim a verifier should test.
7	2026-08-07	3	0	3	0	ACTIVE	CONTINUE	re-validate cycle 7 — BOTH passes independently ran real code and AGREED: T-U8/T-U8b premise is EMPIRICALLY FALSE. SQLAlchemy 2.0.35 AsyncSession.begin() is a SYNC method returning AsyncSessionTransaction whose __aexit__ calls self._sync_transaction().__exit__(), NEVER AsyncSession.commit(). Verifier ran 3 probes: (1) plain AsyncMock makes db.begin() return a coroutine so "async with db.begin()" raises TypeError before any assertion runs; (2) faithful mock -> correct Shape A records ZERO db.commit() calls so the "exactly one commit" assertion FAILS on correct code and PASSES on the broken bare-statements-plus-trailing-commit shape, inverted from its purpose; (3) hand-wiring __aexit__ to call db.commit() is the only way A passes, but then A and B produce identical mock_calls so the gate cannot distinguish the two shapes it exists to distinguish. Repo precedent: all three cited unit tests mock a flat db.commit AsyncMock, NONE mocks a context manager; repo-wide grep for db.begin()/session.begin() in tests returns ZERO hits and production has exactly one (main.py:92, AsyncEngine not AsyncSession). So the binding shape has no mocking precedent here at all. Suggested fix: assert on db.begin.call_count, db.begin.return_value.__aexit__ (count + exc-info), and db.execute.call_args_list ordering — never db.commit() for this boundary. F11 T-I10 source assertion is a WHOLE-FILE grep for throttle_flagged in graph_erasure.py, but C-01/C-14 REQUIRE enqueue_erasure() to write that column in the same file, so the gate as literally specified is unsatisfiable by correct code; must narrow to the claim-query statement. VERIFIER FOUND MORE THAN VALIDATE-AGENT ON TARGET 2: the S12 rebrand was applied to section 4b/C-14/C-01/KG-8 but NOT plan-wide — section 2 Locked Design (line 135, marked do-not-re-decide) still says "Rate-limited per site"; the Blast Radius multi-tenancy row (line 625) lists "per-site rate limit" as the MITIGATION for the destructive-deletion risk while KG-8 in the same plan says the mechanism enforces nothing; section 4 step 2 heading still reads "Per-site enqueue-throttle check"; the AC Coverage Map deferred paragraph (line 1028) still calls it "real mitigations... detection and rate-shaping", directly contradicting KG-7 two paragraphs away. Settings name graph_erasure_max_per_minute referenced ~8 times, never renamed or flagged as misleading — a future config.py reader will assume the 61st request fails when C-14 binds it MUST NOT 429. KG-8 itself judged HONEST, no defect. Structural note surfaced this cycle: this plan can NEVER reach literal Gate PASS because AC-7/AC-8 need privacy counsel — progress is only via explicit user acceptance, so further PVL rounds converge on nothing by construction. Orchestrator recommendation: stop looping, carry F10/F11 plus the rebrand-consistency fix as execute-agent instructions (the E-8/E-9 precedent from the sibling plan) rather than another PLAN round-trip.
8	2026-08-07	4	0	0	4	ACCEPTED	HALTED_ACCEPTED	supplement cycle 8 — LOOP CLOSED by explicit user acceptance. Rationale recorded: literal Gate PASS is structurally unreachable because AC-7/AC-8 are public legal copy needing privacy counsel not engineering, so further PVL rounds converge on nothing by construction; same ending as sibling plan identity-vocab-reconcile (HALTED_ACCEPTED, never PASS). Cycle-7 findings converted to binding execute-agent instructions instead of a ninth round-trip, per the E-8/E-9 precedent: E-1 T-U8/T-U8b must assert db.begin.call_count + db.begin.return_value.__aexit__ (count and exc-info) + db.execute.call_args_list ordering and NEVER db.commit() for Boundary 2, with the three executed probes and the no-mocking-precedent warning recorded (db.begin() = 0 hits under tests/, 1 in prod at main.py:92 on AsyncEngine) so the mock is built deliberately not copied; E-2 T-I10 source assertion narrowed to the claim-query statement because the whole-file grep is unsatisfiable by correct code (enqueue_erasure lives in the same file and C-01/C-14 require it to write the column); E-3 config.py graph_erasure_max_per_minute gets an inline "forensic marker, not an enforced cap" comment to prevent the 61st-request-fails misread C-14 forbids. Four S12 rebrand contradictions fixed in plan body: section 2 Locked Design "Rate-limited per site" removed; BLAST RADIUS multi-tenancy row (the most serious) no longer lists "per-site rate limit" as the Mitigation and now states explicitly that NO rate/volume control mitigates this risk per KG-8 and that own-visitor scoping is _fp-bypassable per KG-7; section 4 step 2 heading now "Per-site enqueue volume-marker check"; AC Coverage Map deferred paragraph now says the marker and audit log are forensic records only and mitigate nothing. KG-9 backlog stub carries the E-1 correction. ACCEPTANCE WORDING recorded precisely per the sibling-plan security-scanner lesson: orchestrator presented cycle-7 findings plus a three-option menu, user chose (a) replying with the single character a, acceptance is on the basis of the ORCHESTRATORS REPORTED FINDINGS not a personal review of plan or code, covers AC-7/AC-8 counsel-gated content half (KG-4) and KG-1..KG-9, with F10/F11/rebrand marked RESOLVED not accepted-as-residual; machine-readable prefix "Accepted by: **USER" intact. Validator 0 fail 0 warn 1572 lines; devjulley 5293cbc UNMOVED. CAVEAT weaker than cycles 1-7: alembic heads could NOT be run live this cycle because the sandbox hook blocks .venv; file-level evidence only (63 revision files same as cycles 6-7, no migration declares c9f4a7b31e85 as its down_revision, and the 5 apparent heads a naive parser reports are the known multi-line merge-tuple false positives S6/C-03 already warns about). RE-RUN alembic -c apps/api/alembic.ini heads before any live apply.
