cycle	date	domain	gaps_open	gaps_fixed	verdict	loop_status	notes
0	2026-08-15	plan	8	0	BLOCKED	RUNNING	baseline: PVL cycle 1 verdict BLOCKED — 3 FAIL / 4 CONCERN (+1 user decision resolved: letter.html -> /apply)
1	2026-08-15	plan	0	8	PENDING_REVALIDATE	RUNNING	supplement cycle 1: 3 FAIL + 4 CONCERN closed; letter.html CTA decision applied (7 /apply links); validator 0/0; awaiting adversarial verifier then V1 re-run
2	2026-08-15	plan	0	12	PENDING_REVALIDATE	RUNNING	supplement cycle 2: adversarial verifier found 3 FAIL / 3 CONCERN / 6 NIT missed by validate cycle 1; all closed; blast radius 15->19 files; validator 0/0 736 lines
3	2026-08-15	plan	7	12	CONDITIONAL	RUNNING	validate cycle 3: 0 FAIL / 6 CONCERN; all 3 cycle-2 FAILs verified closed vs live source (17 gate cmds executed); +1 orchestrator-found gap (resume probe uses the unsatisfiable E1 pattern) = 7 open
4	2026-08-15	plan	0	7	PENDING_REVALIDATE	RUNNING	supplement cycle 3: 6 validate CONCERNs + 1 orchestrator gap closed; full probe/gate audit executed live found a 5th unsatisfiable-pattern instance (probe 5, 4 hits incl. out-of-scope file); blast radius 19->20; validator 0/0
5	2026-08-15	plan	3	7	BLOCKED	RUNNING	validate cycle 5: 1 FAIL / 2 CONCERN; 6th unsatisfiable-gate instance = F10, INTRODUCED BY cycle-3 fix and missed by cycle-4 audit (playwright.config.ts:53 blanks Clerk env; both F10 assertions HAS_CLERK-gated); all 7 cycle-4 fixes verified closed; blast radius 20 confirmed; alembic head still untracked
6	2026-08-15	plan	0	3	PENDING_REVALIDATE	RUNNING	supplement cycle 5: F10 split into F10a (pure helper below Clerk boundary, automated) + F10b (Hybrid known gap); letter.html added to E discovery cmd (9 hits measured); playwright.config.ts not touched; blast radius 20->21 w/ derivation; SELF-AUDIT caught one unsatisfiable gate pre-record (first time); validator 0/0 840 lines
7	2026-08-15	plan	3	3	CONDITIONAL	HALTED_CONVERGED	validate cycle 7: 0 FAIL / 3 CONCERN; ZERO instances of dominant defect class (first time in 7 cycles); all 5 cycle-6 claims verified by execution; blast radius 21 confirmed; 3 CONCERNs carried as executor instructions; PVL loop closed CONDITIONAL-accepted; blockers remain env-side (docker down, alembic head untracked)
8	2026-08-15	execute	0	0	PRE_EXECUTE	RUNNING	blockers cleared: docker daemon UP + postgres:5433/redis:6379 listening; USER OVERRIDE of G2a — chain onto untracked head c5e1a9b73d20, risk accepted; routing to EXECUTE sequential opus
